-- phpMyAdmin SQL Dump
-- version 5.0.2
-- https://www.phpmyadmin.net/
--
-- Host: localhost:3306
-- Generation Time: Aug 13, 2020 at 03:37 PM
-- Server version: 5.7.24
-- PHP Version: 7.2.19

SET SQL_MODE = "NO_AUTO_VALUE_ON_ZERO";
START TRANSACTION;
SET time_zone = "+00:00";


/*!40101 SET @OLD_CHARACTER_SET_CLIENT=@@CHARACTER_SET_CLIENT */;
/*!40101 SET @OLD_CHARACTER_SET_RESULTS=@@CHARACTER_SET_RESULTS */;
/*!40101 SET @OLD_COLLATION_CONNECTION=@@COLLATION_CONNECTION */;
/*!40101 SET NAMES utf8mb4 */;

--
-- Database: `vulnerability_reporting_system`
--

-- --------------------------------------------------------

--
-- Table structure for table `app_urls`
--

CREATE TABLE `app_urls` (
  `id` bigint(20) UNSIGNED NOT NULL,
  `asset_id` bigint(20) UNSIGNED NOT NULL,
  `ios` varchar(255) COLLATE utf8mb4_unicode_ci DEFAULT NULL,
  `android` varchar(255) COLLATE utf8mb4_unicode_ci DEFAULT NULL,
  `created_at` timestamp NULL DEFAULT NULL,
  `updated_at` timestamp NULL DEFAULT NULL
) ENGINE=InnoDB DEFAULT CHARSET=utf8mb4 COLLATE=utf8mb4_unicode_ci;

-- --------------------------------------------------------

--
-- Table structure for table `assets`
--

CREATE TABLE `assets` (
  `id` bigint(20) UNSIGNED NOT NULL,
  `company_name` varchar(150) COLLATE utf8mb4_unicode_ci NOT NULL,
  `company_logo` varchar(255) COLLATE utf8mb4_unicode_ci DEFAULT NULL,
  `asset_slug` varchar(255) COLLATE utf8mb4_unicode_ci NOT NULL,
  `start_date` date NOT NULL,
  `end_date` date NOT NULL,
  `url` varchar(255) COLLATE utf8mb4_unicode_ci NOT NULL,
  `program_status` tinyint(4) NOT NULL DEFAULT '1',
  `created_at` timestamp NULL DEFAULT NULL,
  `updated_at` timestamp NULL DEFAULT NULL
) ENGINE=InnoDB DEFAULT CHARSET=utf8mb4 COLLATE=utf8mb4_unicode_ci;

-- --------------------------------------------------------

--
-- Table structure for table `failed_jobs`
--

CREATE TABLE `failed_jobs` (
  `id` bigint(20) UNSIGNED NOT NULL,
  `connection` text COLLATE utf8mb4_unicode_ci NOT NULL,
  `queue` text COLLATE utf8mb4_unicode_ci NOT NULL,
  `payload` longtext COLLATE utf8mb4_unicode_ci NOT NULL,
  `exception` longtext COLLATE utf8mb4_unicode_ci NOT NULL,
  `failed_at` timestamp NOT NULL DEFAULT CURRENT_TIMESTAMP
) ENGINE=InnoDB DEFAULT CHARSET=utf8mb4 COLLATE=utf8mb4_unicode_ci;

-- --------------------------------------------------------

--
-- Table structure for table `infos`
--

CREATE TABLE `infos` (
  `id` bigint(20) UNSIGNED NOT NULL,
  `asset_id` bigint(20) UNSIGNED NOT NULL,
  `triage_status` tinyint(4) NOT NULL,
  `report_slug` varchar(255) COLLATE utf8mb4_unicode_ci NOT NULL,
  `reporter_name` varchar(60) COLLATE utf8mb4_unicode_ci DEFAULT NULL,
  `assetURL` varchar(255) COLLATE utf8mb4_unicode_ci NOT NULL,
  `weakness` varchar(255) COLLATE utf8mb4_unicode_ci DEFAULT NULL,
  `otherWeakness` varchar(255) COLLATE utf8mb4_unicode_ci DEFAULT NULL,
  `severity` varchar(255) COLLATE utf8mb4_unicode_ci DEFAULT NULL,
  `severity_calc` varchar(255) COLLATE utf8mb4_unicode_ci DEFAULT NULL,
  `bug_name` varchar(255) COLLATE utf8mb4_unicode_ci NOT NULL,
  `desc` longtext COLLATE utf8mb4_unicode_ci NOT NULL,
  `impact` longtext COLLATE utf8mb4_unicode_ci NOT NULL,
  `steps_of_reproduce` longtext COLLATE utf8mb4_unicode_ci NOT NULL,
  `exploitation` longtext COLLATE utf8mb4_unicode_ci NOT NULL,
  `fixation` longtext COLLATE utf8mb4_unicode_ci NOT NULL,
  `created_at` timestamp NULL DEFAULT NULL,
  `updated_at` timestamp NULL DEFAULT NULL
) ENGINE=InnoDB DEFAULT CHARSET=utf8mb4 COLLATE=utf8mb4_unicode_ci;

-- --------------------------------------------------------

--
-- Table structure for table `migrations`
--

CREATE TABLE `migrations` (
  `id` int(10) UNSIGNED NOT NULL,
  `migration` varchar(255) COLLATE utf8mb4_unicode_ci NOT NULL,
  `batch` int(11) NOT NULL
) ENGINE=InnoDB DEFAULT CHARSET=utf8mb4 COLLATE=utf8mb4_unicode_ci;

--
-- Dumping data for table `migrations`
--

INSERT INTO `migrations` (`id`, `migration`, `batch`) VALUES
(1, '2014_10_12_000000_create_users_table', 1),
(2, '2014_10_12_100000_create_password_resets_table', 1),
(3, '2019_08_19_000000_create_failed_jobs_table', 1),
(4, '2020_05_09_212241_create_assets_table', 1),
(5, '2020_05_09_212309_create_infos_table', 1),
(6, '2020_05_16_193755_create_optional_urls_table', 1),
(7, '2020_05_16_193904_create_app_urls_table', 1),
(8, '2020_08_09_225651_create_roles_table', 1),
(9, '2020_08_09_225739_create_role_user_table', 1);

-- --------------------------------------------------------

--
-- Table structure for table `optional_urls`
--

CREATE TABLE `optional_urls` (
  `id` bigint(20) UNSIGNED NOT NULL,
  `asset_id` bigint(20) UNSIGNED NOT NULL,
  `inScope_Url` longtext COLLATE utf8mb4_unicode_ci,
  `outScope_Url` longtext COLLATE utf8mb4_unicode_ci,
  `created_at` timestamp NULL DEFAULT NULL,
  `updated_at` timestamp NULL DEFAULT NULL
) ENGINE=InnoDB DEFAULT CHARSET=utf8mb4 COLLATE=utf8mb4_unicode_ci;

-- --------------------------------------------------------

--
-- Table structure for table `password_resets`
--

CREATE TABLE `password_resets` (
  `email` varchar(255) COLLATE utf8mb4_unicode_ci NOT NULL,
  `token` varchar(255) COLLATE utf8mb4_unicode_ci NOT NULL,
  `created_at` timestamp NULL DEFAULT NULL
) ENGINE=InnoDB DEFAULT CHARSET=utf8mb4 COLLATE=utf8mb4_unicode_ci;

-- --------------------------------------------------------

--
-- Table structure for table `roles`
--

CREATE TABLE `roles` (
  `id` bigint(20) UNSIGNED NOT NULL,
  `name` varchar(255) COLLATE utf8mb4_unicode_ci NOT NULL,
  `desc` varchar(255) COLLATE utf8mb4_unicode_ci NOT NULL,
  `created_at` timestamp NULL DEFAULT NULL,
  `updated_at` timestamp NULL DEFAULT NULL
) ENGINE=InnoDB DEFAULT CHARSET=utf8mb4 COLLATE=utf8mb4_unicode_ci;

--
-- Dumping data for table `roles`
--

INSERT INTO `roles` (`id`, `name`, `desc`, `created_at`, `updated_at`) VALUES
(1, 'isAdmin', 'This role is for admin panel access.', '2020-08-13 09:37:05', '2020-08-13 09:37:05'),
(2, 'isUser', 'This role is for user panel access.', '2020-08-13 09:37:05', '2020-08-13 09:37:05');

-- --------------------------------------------------------

--
-- Table structure for table `role_user`
--

CREATE TABLE `role_user` (
  `id` bigint(20) UNSIGNED NOT NULL,
  `user_id` bigint(20) UNSIGNED NOT NULL,
  `role_id` bigint(20) UNSIGNED NOT NULL
) ENGINE=InnoDB DEFAULT CHARSET=utf8mb4 COLLATE=utf8mb4_unicode_ci;

--
-- Dumping data for table `role_user`
--

INSERT INTO `role_user` (`id`, `user_id`, `role_id`) VALUES
(1, 1, 1),
(2, 1, 2),
(3, 2, 1),
(4, 2, 2),
(5, 3, 1),
(6, 3, 2),
(7, 4, 1),
(8, 4, 2),
(9, 5, 1),
(10, 5, 2),
(11, 6, 1),
(12, 6, 2),
(13, 7, 1),
(14, 7, 2),
(15, 8, 1),
(16, 8, 2),
(17, 9, 1),
(18, 9, 2),
(19, 10, 2),
(20, 11, 2);

-- --------------------------------------------------------

--
-- Table structure for table `users`
--

CREATE TABLE `users` (
  `id` bigint(20) UNSIGNED NOT NULL,
  `name` varchar(255) COLLATE utf8mb4_unicode_ci NOT NULL,
  `email` varchar(255) COLLATE utf8mb4_unicode_ci NOT NULL,
  `password` varchar(255) COLLATE utf8mb4_unicode_ci NOT NULL,
  `created_at` timestamp NULL DEFAULT NULL,
  `updated_at` timestamp NULL DEFAULT NULL
) ENGINE=InnoDB DEFAULT CHARSET=utf8mb4 COLLATE=utf8mb4_unicode_ci;

--
-- Dumping data for table `users`
--

INSERT INTO `users` (`id`, `name`, `email`, `password`, `created_at`, `updated_at`) VALUES
(1, 'Mahfuzur Rahman Saber', 'saaberdev@pentesterspace.com', '$2y$10$tOMbExgaMNWYhlbvBwvG9ukONGQmQUo1ObWJHS7g4akbUPRwftljm', '2020-08-13 09:37:05', '2020-08-13 09:37:05'),
(2, 'Ibrahim Khalil', 'ibrahim@pentesterspace.com', '$2y$10$S8i6jf3p00eYw4kOe3Mju.03sD64MBLndAD5J7cgnREYmpblMaRZK', '2020-08-13 09:37:06', '2020-08-13 09:37:06'),
(3, 'Yeasir Arafat', 'arafat@pentesterspace.com', '$2y$10$IkKw6zFF/2BmGCXV9L8eXeHEAaRVS3WwtRsxrZqOPVjSx2LLldTOa', '2020-08-13 09:37:06', '2020-08-13 09:37:06'),
(4, 'Mohammad Abdullah', 'abdullah@pentesterspace.com', '$2y$10$uTMCKUrJV3/ZGcLOXXcz..DRipDi6H9LkpvU4WRwJDUupTorV7a.O', '2020-08-13 09:37:06', '2020-08-13 09:37:06'),
(5, 'S. M. Zia Ur Rashid', 'ziaur@pentesterspace.com', '$2y$10$NxOrWTHW6PCwmiqEZFJbUOVquRE5Av6vabqZz6/nQvpK9Wk.EadpW', '2020-08-13 09:37:06', '2020-08-13 09:37:06'),
(6, 'Asadul Islam', 'asadul@pentesterspace.com', '$2y$10$DacfAD21Lr81juxorPhiruEME4kwy52hmQJfJCS.HB8m2I5bN1Oxu', '2020-08-13 09:37:06', '2020-08-13 09:37:06'),
(7, 'Jesus Arturo Espinoza', 'espinoza@pentesterspace.com', '$2y$10$Fro7/fbCiE4cdUgZoETXgeGNLNQ3oLe3pERkC6LLnMUw45don2BLm', '2020-08-13 09:37:06', '2020-08-13 09:37:06'),
(8, 'Ahsan Khan', 'ahsan@pentesterspace.com', '$2y$10$gnbe3eaDefLIKarmZMBfDO6JuBCggBqYoqoywGdFjSk2UcgcvJgB.', '2020-08-13 09:37:06', '2020-08-13 09:37:06'),
(9, 'Anees Khan', 'anees@pentesterspace.com', '$2y$10$KcgO1kYuE/OX8Ivb419LDuYkqYyIz1ogGgwEMgEU3GObOapavfZ9m', '2020-08-13 09:37:06', '2020-08-13 09:37:06'),
(10, 'User 1', 'user_1@pentesterspace.com', '$2y$10$v1u68ZQ58bgRzRNAZmGKdO8UX3BQyeHZVk4PM2UhgBHQuGImX9bjy', '2020-08-13 09:37:06', '2020-08-13 09:37:06'),
(11, 'User 2', 'user_2@pentesterspace.com', '$2y$10$NYb25khq5EFjo527hd6dcuyyXZHz8Gosw5V/NBSskDiREuNdLBgVq', '2020-08-13 09:37:06', '2020-08-13 09:37:06');

--
-- Indexes for dumped tables
--

--
-- Indexes for table `app_urls`
--
ALTER TABLE `app_urls`
  ADD PRIMARY KEY (`id`),
  ADD KEY `app_urls_asset_id_foreign` (`asset_id`);

--
-- Indexes for table `assets`
--
ALTER TABLE `assets`
  ADD PRIMARY KEY (`id`);

--
-- Indexes for table `failed_jobs`
--
ALTER TABLE `failed_jobs`
  ADD PRIMARY KEY (`id`);

--
-- Indexes for table `infos`
--
ALTER TABLE `infos`
  ADD PRIMARY KEY (`id`),
  ADD KEY `infos_asset_id_foreign` (`asset_id`);

--
-- Indexes for table `migrations`
--
ALTER TABLE `migrations`
  ADD PRIMARY KEY (`id`);

--
-- Indexes for table `optional_urls`
--
ALTER TABLE `optional_urls`
  ADD PRIMARY KEY (`id`),
  ADD KEY `optional_urls_asset_id_foreign` (`asset_id`);

--
-- Indexes for table `password_resets`
--
ALTER TABLE `password_resets`
  ADD KEY `password_resets_email_index` (`email`);

--
-- Indexes for table `roles`
--
ALTER TABLE `roles`
  ADD PRIMARY KEY (`id`);

--
-- Indexes for table `role_user`
--
ALTER TABLE `role_user`
  ADD PRIMARY KEY (`id`),
  ADD KEY `role_user_user_id_foreign` (`user_id`),
  ADD KEY `role_user_role_id_foreign` (`role_id`);

--
-- Indexes for table `users`
--
ALTER TABLE `users`
  ADD PRIMARY KEY (`id`),
  ADD UNIQUE KEY `users_email_unique` (`email`);

--
-- AUTO_INCREMENT for dumped tables
--

--
-- AUTO_INCREMENT for table `app_urls`
--
ALTER TABLE `app_urls`
  MODIFY `id` bigint(20) UNSIGNED NOT NULL AUTO_INCREMENT;

--
-- AUTO_INCREMENT for table `assets`
--
ALTER TABLE `assets`
  MODIFY `id` bigint(20) UNSIGNED NOT NULL AUTO_INCREMENT;

--
-- AUTO_INCREMENT for table `failed_jobs`
--
ALTER TABLE `failed_jobs`
  MODIFY `id` bigint(20) UNSIGNED NOT NULL AUTO_INCREMENT;

--
-- AUTO_INCREMENT for table `infos`
--
ALTER TABLE `infos`
  MODIFY `id` bigint(20) UNSIGNED NOT NULL AUTO_INCREMENT;

--
-- AUTO_INCREMENT for table `migrations`
--
ALTER TABLE `migrations`
  MODIFY `id` int(10) UNSIGNED NOT NULL AUTO_INCREMENT, AUTO_INCREMENT=10;

--
-- AUTO_INCREMENT for table `optional_urls`
--
ALTER TABLE `optional_urls`
  MODIFY `id` bigint(20) UNSIGNED NOT NULL AUTO_INCREMENT;

--
-- AUTO_INCREMENT for table `roles`
--
ALTER TABLE `roles`
  MODIFY `id` bigint(20) UNSIGNED NOT NULL AUTO_INCREMENT, AUTO_INCREMENT=3;

--
-- AUTO_INCREMENT for table `role_user`
--
ALTER TABLE `role_user`
  MODIFY `id` bigint(20) UNSIGNED NOT NULL AUTO_INCREMENT, AUTO_INCREMENT=21;

--
-- AUTO_INCREMENT for table `users`
--
ALTER TABLE `users`
  MODIFY `id` bigint(20) UNSIGNED NOT NULL AUTO_INCREMENT, AUTO_INCREMENT=12;

--
-- Constraints for dumped tables
--

--
-- Constraints for table `app_urls`
--
ALTER TABLE `app_urls`
  ADD CONSTRAINT `app_urls_asset_id_foreign` FOREIGN KEY (`asset_id`) REFERENCES `assets` (`id`) ON DELETE CASCADE ON UPDATE CASCADE;

--
-- Constraints for table `infos`
--
ALTER TABLE `infos`
  ADD CONSTRAINT `infos_asset_id_foreign` FOREIGN KEY (`asset_id`) REFERENCES `assets` (`id`) ON DELETE CASCADE;

--
-- Constraints for table `optional_urls`
--
ALTER TABLE `optional_urls`
  ADD CONSTRAINT `optional_urls_asset_id_foreign` FOREIGN KEY (`asset_id`) REFERENCES `assets` (`id`) ON DELETE CASCADE ON UPDATE CASCADE;

--
-- Constraints for table `role_user`
--
ALTER TABLE `role_user`
  ADD CONSTRAINT `role_user_role_id_foreign` FOREIGN KEY (`role_id`) REFERENCES `roles` (`id`) ON DELETE CASCADE,
  ADD CONSTRAINT `role_user_user_id_foreign` FOREIGN KEY (`user_id`) REFERENCES `users` (`id`) ON DELETE CASCADE;
COMMIT;

/*!40101 SET CHARACTER_SET_CLIENT=@OLD_CHARACTER_SET_CLIENT */;
/*!40101 SET CHARACTER_SET_RESULTS=@OLD_CHARACTER_SET_RESULTS */;
/*!40101 SET COLLATION_CONNECTION=@OLD_COLLATION_CONNECTION */;
